<?xml version="1.0" encoding="UTF-8"?>
<project-private xmlns="http://www.netbeans.org/ns/project-private/1">
    <editor-bookmarks xmlns="http://www.netbeans.org/ns/editor-bookmarks/2" lastBookmarkId="0"/>
    <open-files xmlns="http://www.netbeans.org/ns/projectui-open-files/2">
        <group>
            <file>file:/C:/Users/GeorgeSamarino/OneDrive/CES-JF/1º-2017/TCC%20I/History%20Risk/History%20Risk/historyrisk/HistoryRisk/src/java/br/cesjf/Controller/SetorEmpresaController.java</file>
            <file>file:/C:/Users/GeorgeSamarino/OneDrive/CES-JF/1º-2017/TCC%20I/History%20Risk/History%20Risk/historyrisk/HistoryRisk/web/JnlCdtrSetorEmpresa.jsp</file>
        </group>
    </open-files>
</project-private>
